--
-- PostgreSQL database dump
--

-- Dumped from database version 12.3 (Ubuntu 12.3-1.pgdg20.04+1)
-- Dumped by pg_dump version 12.3 (Ubuntu 12.3-1.pgdg20.04+1)

-- Started on 2020-07-20 16:58:59 CEST

SET statement_timeout = 0;
SET lock_timeout = 0;
SET idle_in_transaction_session_timeout = 0;
SET client_encoding = 'UTF8';
SET standard_conforming_strings = on;
SELECT pg_catalog.set_config('search_path', '', false);
SET check_function_bodies = false;
SET xmloption = content;
SET client_min_messages = warning;
SET row_security = off;

SET default_tablespace = '';

SET default_table_access_method = heap;

--
-- TOC entry 202 (class 1259 OID 18802)
-- Name: climber; Type: TABLE; Schema: public; Owner: admin_escalade
--

CREATE TABLE public.climber (
    email character varying(255) NOT NULL,
    association boolean NOT NULL,
    nickname character varying(255) NOT NULL,
    password character varying(255)
);


ALTER TABLE public.climber OWNER TO admin_escalade;

--
-- TOC entry 203 (class 1259 OID 18808)
-- Name: com; Type: TABLE; Schema: public; Owner: admin_escalade
--

CREATE TABLE public.com (
    id bigint NOT NULL,
    comment text NOT NULL,
    modified_by character varying(255),
    climber_email character varying(255),
    place_place_id bigint
);


ALTER TABLE public.com OWNER TO admin_escalade;

--
-- TOC entry 204 (class 1259 OID 18814)
-- Name: hibernate_sequence; Type: SEQUENCE; Schema: public; Owner: admin_escalade
--

CREATE SEQUENCE public.hibernate_sequence
    START WITH 1
    INCREMENT BY 1
    NO MINVALUE
    NO MAXVALUE
    CACHE 1;


ALTER TABLE public.hibernate_sequence OWNER TO admin_escalade;

--
-- TOC entry 205 (class 1259 OID 18816)
-- Name: place; Type: TABLE; Schema: public; Owner: admin_escalade
--

CREATE TABLE public.place (
    place_id bigint NOT NULL,
    placedescription text,
    place_name character varying(255) NOT NULL,
    region character varying(255),
    tag boolean NOT NULL
);


ALTER TABLE public.place OWNER TO admin_escalade;

--
-- TOC entry 206 (class 1259 OID 18822)
-- Name: route; Type: TABLE; Schema: public; Owner: admin_escalade
--

CREATE TABLE public.route (
    dtype character varying(31) NOT NULL,
    id bigint NOT NULL,
    grade character varying(255),
    routedescription text,
    route_name character varying(255),
    route_type character varying(255),
    sit_start boolean,
    number_of_pitch integer,
    route_length integer,
    spit integer,
    sector_id bigint
);


ALTER TABLE public.route OWNER TO admin_escalade;

--
-- TOC entry 207 (class 1259 OID 18828)
-- Name: sector; Type: TABLE; Schema: public; Owner: admin_escalade
--

CREATE TABLE public.sector (
    id bigint NOT NULL,
    sectordescription text,
    sector_name character varying(255) NOT NULL,
    place_place_id bigint
);


ALTER TABLE public.sector OWNER TO admin_escalade;

--
-- TOC entry 208 (class 1259 OID 18834)
-- Name: topo; Type: TABLE; Schema: public; Owner: admin_escalade
--

CREATE TABLE public.topo (
    id bigint NOT NULL,
    booking boolean NOT NULL,
    topo_available boolean,
    topodescription text,
    topo_name character varying(255) NOT NULL,
    topo_place character varying(255),
    year integer NOT NULL,
    climber_email character varying(255)
);


ALTER TABLE public.topo OWNER TO admin_escalade;

--
-- TOC entry 3005 (class 2613 OID 18877)
-- Name: 18877; Type: BLOB; Schema: -; Owner: admin_escalade
--

SELECT pg_catalog.lo_create('18877');


ALTER LARGE OBJECT 18877 OWNER TO admin_escalade;

--
-- TOC entry 3006 (class 2613 OID 18878)
-- Name: 18878; Type: BLOB; Schema: -; Owner: admin_escalade
--

SELECT pg_catalog.lo_create('18878');


ALTER LARGE OBJECT 18878 OWNER TO admin_escalade;

--
-- TOC entry 3007 (class 2613 OID 18879)
-- Name: 18879; Type: BLOB; Schema: -; Owner: admin_escalade
--

SELECT pg_catalog.lo_create('18879');


ALTER LARGE OBJECT 18879 OWNER TO admin_escalade;

--
-- TOC entry 3008 (class 2613 OID 18880)
-- Name: 18880; Type: BLOB; Schema: -; Owner: admin_escalade
--

SELECT pg_catalog.lo_create('18880');


ALTER LARGE OBJECT 18880 OWNER TO admin_escalade;

--
-- TOC entry 3009 (class 2613 OID 18881)
-- Name: 18881; Type: BLOB; Schema: -; Owner: admin_escalade
--

SELECT pg_catalog.lo_create('18881');


ALTER LARGE OBJECT 18881 OWNER TO admin_escalade;

--
-- TOC entry 3010 (class 2613 OID 18882)
-- Name: 18882; Type: BLOB; Schema: -; Owner: admin_escalade
--

SELECT pg_catalog.lo_create('18882');


ALTER LARGE OBJECT 18882 OWNER TO admin_escalade;

--
-- TOC entry 3011 (class 2613 OID 18883)
-- Name: 18883; Type: BLOB; Schema: -; Owner: admin_escalade
--

SELECT pg_catalog.lo_create('18883');


ALTER LARGE OBJECT 18883 OWNER TO admin_escalade;

--
-- TOC entry 3012 (class 2613 OID 18884)
-- Name: 18884; Type: BLOB; Schema: -; Owner: admin_escalade
--

SELECT pg_catalog.lo_create('18884');


ALTER LARGE OBJECT 18884 OWNER TO admin_escalade;

--
-- TOC entry 3013 (class 2613 OID 18885)
-- Name: 18885; Type: BLOB; Schema: -; Owner: admin_escalade
--

SELECT pg_catalog.lo_create('18885');


ALTER LARGE OBJECT 18885 OWNER TO admin_escalade;

--
-- TOC entry 3014 (class 2613 OID 18886)
-- Name: 18886; Type: BLOB; Schema: -; Owner: admin_escalade
--

SELECT pg_catalog.lo_create('18886');


ALTER LARGE OBJECT 18886 OWNER TO admin_escalade;

--
-- TOC entry 3015 (class 2613 OID 18887)
-- Name: 18887; Type: BLOB; Schema: -; Owner: admin_escalade
--

SELECT pg_catalog.lo_create('18887');


ALTER LARGE OBJECT 18887 OWNER TO admin_escalade;

--
-- TOC entry 3016 (class 2613 OID 18888)
-- Name: 18888; Type: BLOB; Schema: -; Owner: admin_escalade
--

SELECT pg_catalog.lo_create('18888');


ALTER LARGE OBJECT 18888 OWNER TO admin_escalade;

--
-- TOC entry 3017 (class 2613 OID 18889)
-- Name: 18889; Type: BLOB; Schema: -; Owner: admin_escalade
--

SELECT pg_catalog.lo_create('18889');


ALTER LARGE OBJECT 18889 OWNER TO admin_escalade;

--
-- TOC entry 3018 (class 2613 OID 18890)
-- Name: 18890; Type: BLOB; Schema: -; Owner: admin_escalade
--

SELECT pg_catalog.lo_create('18890');


ALTER LARGE OBJECT 18890 OWNER TO admin_escalade;

--
-- TOC entry 3019 (class 2613 OID 18891)
-- Name: 18891; Type: BLOB; Schema: -; Owner: admin_escalade
--

SELECT pg_catalog.lo_create('18891');


ALTER LARGE OBJECT 18891 OWNER TO admin_escalade;

--
-- TOC entry 3020 (class 2613 OID 18892)
-- Name: 18892; Type: BLOB; Schema: -; Owner: admin_escalade
--

SELECT pg_catalog.lo_create('18892');


ALTER LARGE OBJECT 18892 OWNER TO admin_escalade;

--
-- TOC entry 3021 (class 2613 OID 18893)
-- Name: 18893; Type: BLOB; Schema: -; Owner: admin_escalade
--

SELECT pg_catalog.lo_create('18893');


ALTER LARGE OBJECT 18893 OWNER TO admin_escalade;

--
-- TOC entry 3022 (class 2613 OID 18894)
-- Name: 18894; Type: BLOB; Schema: -; Owner: admin_escalade
--

SELECT pg_catalog.lo_create('18894');


ALTER LARGE OBJECT 18894 OWNER TO admin_escalade;

--
-- TOC entry 3023 (class 2613 OID 18895)
-- Name: 18895; Type: BLOB; Schema: -; Owner: admin_escalade
--

SELECT pg_catalog.lo_create('18895');


ALTER LARGE OBJECT 18895 OWNER TO admin_escalade;

--
-- TOC entry 3024 (class 2613 OID 18896)
-- Name: 18896; Type: BLOB; Schema: -; Owner: admin_escalade
--

SELECT pg_catalog.lo_create('18896');


ALTER LARGE OBJECT 18896 OWNER TO admin_escalade;

--
-- TOC entry 3025 (class 2613 OID 18897)
-- Name: 18897; Type: BLOB; Schema: -; Owner: admin_escalade
--

SELECT pg_catalog.lo_create('18897');


ALTER LARGE OBJECT 18897 OWNER TO admin_escalade;

--
-- TOC entry 3026 (class 2613 OID 18898)
-- Name: 18898; Type: BLOB; Schema: -; Owner: admin_escalade
--

SELECT pg_catalog.lo_create('18898');


ALTER LARGE OBJECT 18898 OWNER TO admin_escalade;

--
-- TOC entry 3027 (class 2613 OID 18899)
-- Name: 18899; Type: BLOB; Schema: -; Owner: admin_escalade
--

SELECT pg_catalog.lo_create('18899');


ALTER LARGE OBJECT 18899 OWNER TO admin_escalade;

--
-- TOC entry 3028 (class 2613 OID 18900)
-- Name: 18900; Type: BLOB; Schema: -; Owner: admin_escalade
--

SELECT pg_catalog.lo_create('18900');


ALTER LARGE OBJECT 18900 OWNER TO admin_escalade;

--
-- TOC entry 3029 (class 2613 OID 18901)
-- Name: 18901; Type: BLOB; Schema: -; Owner: admin_escalade
--

SELECT pg_catalog.lo_create('18901');


ALTER LARGE OBJECT 18901 OWNER TO admin_escalade;

--
-- TOC entry 3030 (class 2613 OID 18903)
-- Name: 18903; Type: BLOB; Schema: -; Owner: admin_escalade
--

SELECT pg_catalog.lo_create('18903');


ALTER LARGE OBJECT 18903 OWNER TO admin_escalade;

--
-- TOC entry 3031 (class 2613 OID 18904)
-- Name: 18904; Type: BLOB; Schema: -; Owner: admin_escalade
--

SELECT pg_catalog.lo_create('18904');


ALTER LARGE OBJECT 18904 OWNER TO admin_escalade;

--
-- TOC entry 3032 (class 2613 OID 18905)
-- Name: 18905; Type: BLOB; Schema: -; Owner: admin_escalade
--

SELECT pg_catalog.lo_create('18905');


ALTER LARGE OBJECT 18905 OWNER TO admin_escalade;

--
-- TOC entry 3033 (class 2613 OID 18906)
-- Name: 18906; Type: BLOB; Schema: -; Owner: admin_escalade
--

SELECT pg_catalog.lo_create('18906');


ALTER LARGE OBJECT 18906 OWNER TO admin_escalade;

--
-- TOC entry 2979 (class 2613 OID 49567)
-- Name: 49567; Type: BLOB; Schema: -; Owner: admin_escalade
--

SELECT pg_catalog.lo_create('49567');


ALTER LARGE OBJECT 49567 OWNER TO admin_escalade;

--
-- TOC entry 2980 (class 2613 OID 49568)
-- Name: 49568; Type: BLOB; Schema: -; Owner: admin_escalade
--

SELECT pg_catalog.lo_create('49568');


ALTER LARGE OBJECT 49568 OWNER TO admin_escalade;

--
-- TOC entry 2981 (class 2613 OID 49569)
-- Name: 49569; Type: BLOB; Schema: -; Owner: admin_escalade
--

SELECT pg_catalog.lo_create('49569');


ALTER LARGE OBJECT 49569 OWNER TO admin_escalade;

--
-- TOC entry 2982 (class 2613 OID 49570)
-- Name: 49570; Type: BLOB; Schema: -; Owner: admin_escalade
--

SELECT pg_catalog.lo_create('49570');


ALTER LARGE OBJECT 49570 OWNER TO admin_escalade;

--
-- TOC entry 2983 (class 2613 OID 49571)
-- Name: 49571; Type: BLOB; Schema: -; Owner: admin_escalade
--

SELECT pg_catalog.lo_create('49571');


ALTER LARGE OBJECT 49571 OWNER TO admin_escalade;

--
-- TOC entry 2984 (class 2613 OID 49572)
-- Name: 49572; Type: BLOB; Schema: -; Owner: admin_escalade
--

SELECT pg_catalog.lo_create('49572');


ALTER LARGE OBJECT 49572 OWNER TO admin_escalade;

--
-- TOC entry 2985 (class 2613 OID 49573)
-- Name: 49573; Type: BLOB; Schema: -; Owner: admin_escalade
--

SELECT pg_catalog.lo_create('49573');


ALTER LARGE OBJECT 49573 OWNER TO admin_escalade;

--
-- TOC entry 2986 (class 2613 OID 49574)
-- Name: 49574; Type: BLOB; Schema: -; Owner: admin_escalade
--

SELECT pg_catalog.lo_create('49574');


ALTER LARGE OBJECT 49574 OWNER TO admin_escalade;

--
-- TOC entry 2987 (class 2613 OID 49575)
-- Name: 49575; Type: BLOB; Schema: -; Owner: admin_escalade
--

SELECT pg_catalog.lo_create('49575');


ALTER LARGE OBJECT 49575 OWNER TO admin_escalade;

--
-- TOC entry 2988 (class 2613 OID 49576)
-- Name: 49576; Type: BLOB; Schema: -; Owner: admin_escalade
--

SELECT pg_catalog.lo_create('49576');


ALTER LARGE OBJECT 49576 OWNER TO admin_escalade;

--
-- TOC entry 2989 (class 2613 OID 49577)
-- Name: 49577; Type: BLOB; Schema: -; Owner: admin_escalade
--

SELECT pg_catalog.lo_create('49577');


ALTER LARGE OBJECT 49577 OWNER TO admin_escalade;

--
-- TOC entry 2990 (class 2613 OID 49578)
-- Name: 49578; Type: BLOB; Schema: -; Owner: admin_escalade
--

SELECT pg_catalog.lo_create('49578');


ALTER LARGE OBJECT 49578 OWNER TO admin_escalade;

--
-- TOC entry 2991 (class 2613 OID 49579)
-- Name: 49579; Type: BLOB; Schema: -; Owner: admin_escalade
--

SELECT pg_catalog.lo_create('49579');


ALTER LARGE OBJECT 49579 OWNER TO admin_escalade;

--
-- TOC entry 2992 (class 2613 OID 49580)
-- Name: 49580; Type: BLOB; Schema: -; Owner: admin_escalade
--

SELECT pg_catalog.lo_create('49580');


ALTER LARGE OBJECT 49580 OWNER TO admin_escalade;

--
-- TOC entry 2993 (class 2613 OID 49581)
-- Name: 49581; Type: BLOB; Schema: -; Owner: admin_escalade
--

SELECT pg_catalog.lo_create('49581');


ALTER LARGE OBJECT 49581 OWNER TO admin_escalade;

--
-- TOC entry 2994 (class 2613 OID 49582)
-- Name: 49582; Type: BLOB; Schema: -; Owner: admin_escalade
--

SELECT pg_catalog.lo_create('49582');


ALTER LARGE OBJECT 49582 OWNER TO admin_escalade;

--
-- TOC entry 2995 (class 2613 OID 49583)
-- Name: 49583; Type: BLOB; Schema: -; Owner: admin_escalade
--

SELECT pg_catalog.lo_create('49583');


ALTER LARGE OBJECT 49583 OWNER TO admin_escalade;

--
-- TOC entry 2996 (class 2613 OID 49584)
-- Name: 49584; Type: BLOB; Schema: -; Owner: admin_escalade
--

SELECT pg_catalog.lo_create('49584');


ALTER LARGE OBJECT 49584 OWNER TO admin_escalade;

--
-- TOC entry 2997 (class 2613 OID 49585)
-- Name: 49585; Type: BLOB; Schema: -; Owner: admin_escalade
--

SELECT pg_catalog.lo_create('49585');


ALTER LARGE OBJECT 49585 OWNER TO admin_escalade;

--
-- TOC entry 2998 (class 2613 OID 49586)
-- Name: 49586; Type: BLOB; Schema: -; Owner: admin_escalade
--

SELECT pg_catalog.lo_create('49586');


ALTER LARGE OBJECT 49586 OWNER TO admin_escalade;

--
-- TOC entry 2999 (class 2613 OID 49587)
-- Name: 49587; Type: BLOB; Schema: -; Owner: admin_escalade
--

SELECT pg_catalog.lo_create('49587');


ALTER LARGE OBJECT 49587 OWNER TO admin_escalade;

--
-- TOC entry 3000 (class 2613 OID 49588)
-- Name: 49588; Type: BLOB; Schema: -; Owner: admin_escalade
--

SELECT pg_catalog.lo_create('49588');


ALTER LARGE OBJECT 49588 OWNER TO admin_escalade;

--
-- TOC entry 3001 (class 2613 OID 49589)
-- Name: 49589; Type: BLOB; Schema: -; Owner: admin_escalade
--

SELECT pg_catalog.lo_create('49589');


ALTER LARGE OBJECT 49589 OWNER TO admin_escalade;

--
-- TOC entry 3002 (class 2613 OID 49590)
-- Name: 49590; Type: BLOB; Schema: -; Owner: admin_escalade
--

SELECT pg_catalog.lo_create('49590');


ALTER LARGE OBJECT 49590 OWNER TO admin_escalade;

--
-- TOC entry 3003 (class 2613 OID 49591)
-- Name: 49591; Type: BLOB; Schema: -; Owner: admin_escalade
--

SELECT pg_catalog.lo_create('49591');


ALTER LARGE OBJECT 49591 OWNER TO admin_escalade;

--
-- TOC entry 3004 (class 2613 OID 49592)
-- Name: 49592; Type: BLOB; Schema: -; Owner: admin_escalade
--

SELECT pg_catalog.lo_create('49592');


ALTER LARGE OBJECT 49592 OWNER TO admin_escalade;

--
-- TOC entry 2972 (class 0 OID 18802)
-- Dependencies: 202
-- Data for Name: climber; Type: TABLE DATA; Schema: public; Owner: admin_escalade
--

COPY public.climber (email, association, nickname, password) FROM stdin;
climber1@gmail.com	t	climber1	NFUJohn+RdAMNMWp6jhJUCq9PaKxkL3pEAOAauD/jmt3Z1tvrfttLw==
climber2@gmail.com	f	climber2	S1Udgj2scGKTvRRxvl1M2lMhkiSWSnxwCF/5sSJmOB0/HdvIOrxchw==
\.


--
-- TOC entry 2973 (class 0 OID 18808)
-- Dependencies: 203
-- Data for Name: com; Type: TABLE DATA; Schema: public; Owner: admin_escalade
--

COPY public.com (id, comment, modified_by, climber_email, place_place_id) FROM stdin;
53	18900	\N	climber1@gmail.com	29
54	18901	\N	climber1@gmail.com	29
55	18903	\N	climber1@gmail.com	7
56	18904	\N	climber2@gmail.com	19
57	18905	\N	climber2@gmail.com	29
58	18906	\N	climber2@gmail.com	44
\.


--
-- TOC entry 2975 (class 0 OID 18816)
-- Dependencies: 205
-- Data for Name: place; Type: TABLE DATA; Schema: public; Owner: admin_escalade
--

COPY public.place (place_id, placedescription, place_name, region, tag) FROM stdin;
19	49583	Roc du Gorb	Occitanie	f
7	18877	Les Salces	Occitanie	t
44	18891	Orlu	Occitanie	f
29	18899	MontRoc	Occitanie	t
\.


--
-- TOC entry 2976 (class 0 OID 18822)
-- Dependencies: 206
-- Data for Name: route; Type: TABLE DATA; Schema: public; Owner: admin_escalade
--

COPY public.route (dtype, id, grade, routedescription, route_name, route_type, sit_start, number_of_pitch, route_length, spit, sector_id) FROM stdin;
Boulder	11	6a	49577	Le dé de 6	Bloc	t	\N	\N	\N	8
Boulder	12	5c+	49578	L'angle terre	Bloc	f	\N	\N	\N	8
Boulder	13	4+	\N	La dalle a Juju	Bloc	f	\N	\N	\N	8
Boulder	14	8a	49579	Le toit des fous	Bloc	t	\N	\N	\N	9
Boulder	15	5b+	49580	Le gruyere	Bloc	t	\N	\N	\N	9
Boulder	16	6b	49581	Dent Tales	Bloc	f	\N	\N	\N	10
SinglePitch	17	4	49582	Skoll Air	Voie Sportive	\N	\N	9	5	10
SinglePitch	18	5a	\N	Arabesque	Voie Sportive	\N	\N	12	6	10
SinglePitch	23	7b	49587	Pas de claquettes!	Voie Sportive	\N	\N	7	4	20
SinglePitch	24	4a	49588	Schtroumpfette	Voie Sportive	\N	\N	14	8	21
SinglePitch	25	3c	49589	Gargamel	Voie Sportive	\N	\N	12	6	21
SinglePitch	26	5c+	49590	Le grand schtroumpf	Voie Sportive	\N	\N	17	8	21
MultiPitch	27	6a	49591	La face interne	Grande Voie	\N	2	\N	\N	22
MultiPitch	28	6b	49592	La face externe	Grande Voie	\N	2	\N	\N	22
SinglePitch	33	5b+	18882	Gribouille	Voie Sportive	\N	\N	15	7	30
SinglePitch	34	4b	\N	Laisse tomber, ca rebondit ...	Voie Sportive	\N	\N	7	4	30
SinglePitch	35	5a	18883	Dévers pépère	Voie Sportive	\N	\N	7	4	30
SinglePitch	36	7a	18884	mutant aquatique	Voie Sportive	\N	\N	15	9	30
SinglePitch	37	6c+	18885	lucille et les libellules	Voie Sportive	\N	\N	15	8	30
SinglePitch	38	7a+	18886	Bras de fer	Voie Sportive	\N	\N	7	12	31
SinglePitch	39	7b	18887	Evacuation précoce	Voie Sportive	\N	\N	7	12	31
SinglePitch	40	6a	18888	Les arts matures	Voie Sportive	\N	\N	7	10	31
SinglePitch	41	5a	18889	Start in bloc	Voie Sportive	\N	\N	7	10	32
Boulder	42	6b	18890	Le pas rade	Bloc	f	\N	\N	\N	32
Boulder	43	4c	\N	le pas pas	Bloc	f	\N	\N	\N	32
Boulder	47	6c	18894	Carnaval	Bloc	t	\N	\N	\N	45
Boulder	48	7c	\N	Protocole	Bloc	f	\N	\N	\N	45
Boulder	49	7a	18895	Vestiges du temps	Bloc	f	\N	\N	\N	45
MultiPitch	50	6a+	18896	Canne de Serin	Grande Voie	\N	4	\N	\N	46
MultiPitch	51	6a	18897	L'ours en peluche	Grande Voie	\N	12	\N	\N	46
MultiPitch	52	5b+	18898	A bisto de nas	Grande Voie	\N	10	\N	\N	46
\.


--
-- TOC entry 2977 (class 0 OID 18828)
-- Dependencies: 207
-- Data for Name: sector; Type: TABLE DATA; Schema: public; Owner: admin_escalade
--

COPY public.sector (id, sectordescription, sector_name, place_place_id) FROM stdin;
8	49574	Rocher des Fées	7
9	49575	Le Mi-haut	7
10	49576	Les hauteurs	7
20	49584	La plage	19
21	49585	L'ile aux enfants	19
22	49586	La face ouest	19
30	18879	secteur 1	29
31	18880	secteur 2	29
32	18881	secteur 3	29
45	18892	La cour des miracles	44
46	18893	La dent d'Orlu	44
\.


--
-- TOC entry 2978 (class 0 OID 18834)
-- Dependencies: 208
-- Data for Name: topo; Type: TABLE DATA; Schema: public; Owner: admin_escalade
--

COPY public.topo (id, booking, topo_available, topodescription, topo_name, topo_place, year, climber_email) FROM stdin;
1	f	t	49567	Votre premier 7a à vue	France	2002	climber1@gmail.com
2	f	t	49568	Escalade les Calanques	Les Calanques	2016	climber1@gmail.com
3	f	t	49569	Escalade au naturel dans les Hautes Pyrénées	Hautes Pyrénées	2014	climber1@gmail.com
4	f	t	49570	Escalade à Fontainebleau : Les plus beaux sites	Fontainebleau	2012	climber2@gmail.com
5	f	t	49571	Boulder en España	Espagne	2019	climber2@gmail.com
6	f	t	49572	Topo des blocs Ailefroide	Ailefroide	2018	climber2@gmail.com
\.


--
-- TOC entry 3040 (class 0 OID 0)
-- Dependencies: 204
-- Name: hibernate_sequence; Type: SEQUENCE SET; Schema: public; Owner: admin_escalade
--

SELECT pg_catalog.setval('public.hibernate_sequence', 58, true);


--
-- TOC entry 3034 (class 0 OID 0)
-- Data for Name: BLOBS; Type: BLOBS; Schema: -; Owner: -
--

BEGIN;

SELECT pg_catalog.lo_open('18877', 131072);
SELECT pg_catalog.lowrite(0, '\x5369746520646520626c6f6320657420646520766f6965732073706f72746976652073697475c3a92064616e73206c2748c3a97261756c742e20446570756973204c6f64c3a87665207072656e647265206c6120646972656374696f6e206465205361696e74205072697661742c207075697320636f6e74696e756572206a757371752761752076696c6c616765206465204c65732053616c6365732e2041206c27656e7472c3a9652064752076696c6c616765207072656e64726520c3a020676175636865206c65206368656d696e20696e64697175c3a92022526f63686572206465732046c3a9657322202e20417072c3a873206c652063696d657469c3a8726520617474656e64726520642761766f69722070617373c3a9206c6573206465726e69c3a87265732068616269746174696f6e7320706f7572207365206761726572206c65206c6f6e67206475206368656d696e2e');
SELECT pg_catalog.lo_close(0);

SELECT pg_catalog.lo_open('18878', 131072);
SELECT pg_catalog.lowrite(0, '\x5365756c207369746520636f6e76656e74696f6e6ec3a92046464d45206475205461726e2e0d0a506f7572207327792072656e6472652c207269656e20646520706c75732073696d706c65203a20616c6c657a2061752076696c6c616765206465204d6f6e74526f6320657420676172657a20766f757320737572206c65207061726b696e67206465206c61206d61697269652028c3a020646973706f736974696f6e203a206561752c205743206574202e2e2e206f6d627265202120292c20656e73756974652073756976657a206c65732070616e6e6561757820696e64697175616e74206c27616363c3a87320617520736974652e0d0a44c3a970617274732064657320766f69657320c3a0206c276f6d627265206d61697320617474656e74696f6e20706f7572206c652072657374652c206c65207369746520657374206578706f73c3a920535544');
SELECT pg_catalog.lo_close(0);

SELECT pg_catalog.lo_open('18879', 131072);
SELECT pg_catalog.lowrite(0, '\x5072656d69c3a872652062617272652073757220766f7472652067617563686520656e206172726976616e7420706172206c65206368656d696e206f6666696369656c2e20417520626f7574206475207365637465757220766f75732074726f75766572657a20756e2070616e6e65617520696e64697175616e74206c6573203220617574726573207365637465757273206574206fc3b92074726f75766572206c6520746f706f20737572206c65206e657420286d65726369206c6520636c756220646520477261756c686574292e200d0a496369206c657320766f69657320666f6e742031356d206d6178696d756d2c206a7573746520736f7573206c612063726f69782028696e74657264696374696f6e20646520736f7274697220706172206c65206861757420212029206574206c657320636f746174696f6e7320736f6e74207072696e636970616c656d656e742064616e73206c652034206574206c652035');
SELECT pg_catalog.lo_close(0);

SELECT pg_catalog.lo_open('18880', 131072);
SELECT pg_catalog.lowrite(0, '\x4327657374206c6120626172726520726f6368657573652073697475c3a965206a7573746520617520646573736f7573206475206368656d696e206475207365637465757220312e20566f75732074726f75766572657a20756e2073656e7469657220706f757220792064657363656e6472652064652063686171756520636f74c3a9206475207365637465757220312e0d0a4c612068617574657572206d617820696369206573742061757373692064652031326d2070617320706c75732c2070617220636f6e74726520766f757320792074726f75766572657a2064657320636f746174696f6e7320706c75732064757265732c20647520352061752037622028636f746174696f6e206c6120706c757320c3a96c6576c3a96520c3a0204d6f6e74526f6329');
SELECT pg_catalog.lo_close(0);

SELECT pg_catalog.lo_open('18881', 131072);
SELECT pg_catalog.lowrite(0, '\x4c61206261727265206c6120706c757320656e2062617320647520736974652e0d0a566f69657320616c6c616e74206465203520c3a02031306d206d6178202e204c652070617261646973206465732064c3a9627574616e7473203a20706f696e74732072617070726f6368c3a965732c20636f746174696f6e7320666163696c65732028342065742035292e2e2e');
SELECT pg_catalog.lo_close(0);

SELECT pg_catalog.lo_open('18882', 131072);
SELECT pg_catalog.lowrite(0, '\x62656c6c65206172c3aa746520656e206d61696e20676175636865');
SELECT pg_catalog.lo_close(0);

SELECT pg_catalog.lo_open('18883', 131072);
SELECT pg_catalog.lowrite(0, '\x4c652064c3a9766572732065737420737572746f75742064616e73206c65206e6f6d');
SELECT pg_catalog.lo_close(0);

SELECT pg_catalog.lo_open('18884', 131072);
SELECT pg_catalog.lowrite(0, '\x6e65207061732070617274697220c3a020676175636865202c20632765737420464249203562');
SELECT pg_catalog.lo_close(0);

SELECT pg_catalog.lo_open('18885', 131072);
SELECT pg_catalog.lowrite(0, '\x4fc3b920736f6e74206c6573207069656473203f');
SELECT pg_catalog.lo_close(0);

SELECT pg_catalog.lo_open('18886', 131072);
SELECT pg_catalog.lowrite(0, '\x4c652070617320636cc3a92065737420756e2067726f73206d6f7576206427c3a97061756c65');
SELECT pg_catalog.lo_close(0);

SELECT pg_catalog.lo_open('18887', 131072);
SELECT pg_catalog.lowrite(0, '\x4c6120766f6965206c6120706c75732064757265206465204d6f6e74526f63');
SELECT pg_catalog.lo_close(0);

SELECT pg_catalog.lo_open('18888', 131072);
SELECT pg_catalog.lowrite(0, '\x6a6f6c692070736575646f20746f697420c3a020706173736572');
SELECT pg_catalog.lo_close(0);

SELECT pg_catalog.lo_open('18889', 131072);
SELECT pg_catalog.lowrite(0, '\x636c696e2064276f65696c20617578204361737472616973');
SELECT pg_catalog.lo_close(0);

SELECT pg_catalog.lo_open('18890', 131072);
SELECT pg_catalog.lowrite(0, '\x496c2076617574206d6965757820756e2070617265757220');
SELECT pg_catalog.lo_close(0);

SELECT pg_catalog.lo_open('18891', 131072);
SELECT pg_catalog.lowrite(0, '\x41752066696e20666f6e64206465206c27617269c3a867652c2070617373657a204178206c657320546865726d6573206574206469726967657a20766f75732076657273204f726c752e0d0a4c657320626c6f63732073652074726f7576656e7420c3a0206c6120736f727469652064752076696c6c6167652064274f726c7520737572206c612064726f69746520287061726b696e6720696e64697175c3a92920616c6f727320717565206c6573206772616e64657320766f6965732073652074726f7576656e74206175746f7572206465204c612064656e742064274f726c752e');
SELECT pg_catalog.lo_close(0);

SELECT pg_catalog.lo_open('18892', 131072);
SELECT pg_catalog.lowrite(0, '\x44c3a8732071756520766f757320736f727465782064752076696c6c6167652064274f726c7520766f75732074726f75766572657a2073757220766f7472652064726f69746520756e207061726b696e6720696e64697175c3a9207369746520646520626c6f63732e0d0a476172657a20766f75732069636920707569732073756976657a206c612072697669c3a8726520706f7572206172726976722061757820626c6f63732e20546f706f20656e2076656e746520c3a0206c61206d6169736f6e206465206c612072c3a973657276652e');
SELECT pg_catalog.lo_close(0);

SELECT pg_catalog.lo_open('18893', 131072);
SELECT pg_catalog.lowrite(0, '\x556e2073697465206e61747572656c2072656d6172717561626c652c20736f6e20736f6d6d65742063756c6d696e6520c3a02032323232206dc3a8747265732e0d0a556e652063696e7175616e7461696e65206465206772616e646520766f6965732e20546f706f20656e2076656e746520c3a0206c61204d6169736f6e206465206c612052c3a973657276652e');
SELECT pg_catalog.lo_close(0);

SELECT pg_catalog.lo_open('18894', 131072);
SELECT pg_catalog.lowrite(0, '\x6a6f6c69652070726f7565');
SELECT pg_catalog.lo_close(0);

SELECT pg_catalog.lo_open('18895', 131072);
SELECT pg_catalog.lowrite(0, '\x417474656e74696f6e20366d206465206861757421');
SELECT pg_catalog.lo_close(0);

SELECT pg_catalog.lo_open('18896', 131072);
SELECT pg_catalog.lowrite(0, '\x3230306d');
SELECT pg_catalog.lo_close(0);

SELECT pg_catalog.lo_open('18897', 131072);
SELECT pg_catalog.lowrite(0, '\x52617070656c2039306d20');
SELECT pg_catalog.lo_close(0);

SELECT pg_catalog.lo_open('18898', 131072);
SELECT pg_catalog.lowrite(0, '\x3468206427657363616c616465');
SELECT pg_catalog.lo_close(0);

SELECT pg_catalog.lo_open('18899', 131072);
SELECT pg_catalog.lowrite(0, '\x5365756c207369746520636f6e76656e74696f6e6ec3a92046464d45206475205461726e2e0d0a506f7572207327792072656e6472652c207269656e20646520706c75732073696d706c65203a20616c6c657a2061752076696c6c616765206465204d6f6e74526f6320657420676172657a20766f757320737572206c65207061726b696e67206465206c61206d61697269652028c3a020646973706f736974696f6e203a206561752c205743206574202e2e2e206f6d627265202120292c20656e73756974652073756976657a206c65732070616e6e6561757820696e64697175616e74206c27616363c3a87320617520736974652e0d0a44c3a970617274732064657320766f69657320c3a0206c276f6d627265206d61697320617474656e74696f6e20706f7572206c652072657374652c206c65207369746520657374206578706f73c3a920535544');
SELECT pg_catalog.lo_close(0);

SELECT pg_catalog.lo_open('18900', 131072);
SELECT pg_catalog.lowrite(0, '\x4d65726369206465206e652070617320766f7573206761726572206c65206c6f6e67206465206c6120726f75746520736f7573207065696e6520646520726973717565206465206665726d65747475726520647520736974652e205061726b696e6720c3a0203330306d21');
SELECT pg_catalog.lo_close(0);

SELECT pg_catalog.lo_open('18901', 131072);
SELECT pg_catalog.lowrite(0, '\x46616c6169736520c3a9636f6c6520636f6e76656e74696f6e6ec3a9652046464d45');
SELECT pg_catalog.lo_close(0);

SELECT pg_catalog.lo_open('18903', 131072);
SELECT pg_catalog.lowrite(0, '\x4d6572636920646520726573706563746572206c27696e74657264696374696f6e206465206772696d706572206c6520726f63686572206465732066c3a965732c20766f7573206176657a206465732063656e7461696e657320646520626c6f6373206175746f757220706f7572206772696d7065722021');
SELECT pg_catalog.lo_close(0);

SELECT pg_catalog.lo_open('18904', 131072);
SELECT pg_catalog.lowrite(0, '\x417474656e74696f6e2061757820706173736167657320737572206c61207669612066657272617461206175206465737375732064752073656374657572204c6120706c616765203a20706172666f697320646573206361696c6c6f757320746f6d62656e7421');
SELECT pg_catalog.lo_close(0);

SELECT pg_catalog.lo_open('18905', 131072);
SELECT pg_catalog.lowrite(0, '\x4e6964696669636174696f6e206465204772616e64204475632070726f636865206475207365637465757220332c20c3a9766974657220642779206772696d7065722061637475656c6c656d656e742c206d657263692e');
SELECT pg_catalog.lo_close(0);

SELECT pg_catalog.lo_open('18906', 131072);
SELECT pg_catalog.lowrite(0, '\x4e276f75626c69657a207061732071752769636920766f757320c3aa74657320656e2073656374657572206d6f6e7461676e652021');
SELECT pg_catalog.lo_close(0);

SELECT pg_catalog.lo_open('49567', 131072);
SELECT pg_catalog.lowrite(0, '\x556e652073c3a96c656374696f6e2064652037612c2064616e73206c65732064696666c3a972656e7465732072c3a967696f6e73206465204672616e63652c206164617074c3a9732061752022c3a020767565222e204963692070617320646520706173207370c3a963696669717565206e69206465206d6f7576656d656e7420646520626c6f632c207175652064657320766f6965732072c3a973692064616e73206c65206e697665617520376120706f757220666169726520766f747265207072656d69c3a872652063726f697820c3a0207675652064616e7320636574746520636f746174696f6e2e0d0a4c697672657420646973706f6e69626c652070617220636f72726573706f6e64616e63652061757072c3a873206465204d6172632056696c6c616c6f72612e');
SELECT pg_catalog.lo_close(0);

SELECT pg_catalog.lo_open('49568', 131072);
SELECT pg_catalog.lowrite(0, '\x4c65206d6173736966206465732043616c616e717565732065737420756e652073756363657373696f6e20696e696e746572726f6d70756520646520706f696e7465732c2064652066616365732c20646520726f63686573206e7565732c2065742064652066616c616973657320c3a02070696320737572206c61206d6572206f6d6e697072c3a973656e74652e20426c6f746920656e747265206c61206dc3a974726f706f6c65206d61727365696c6c61697365206175206e6f72642d6f756573742c206574206c6520706f7274206465204361737369732070756973206465204c612043696f746174206175207375642d6573742c2063657420657370616365206e61747572656c2065737420646576656e752050617263204e61747572656c20656e20323031322e');
SELECT pg_catalog.lo_close(0);

SELECT pg_catalog.lo_open('49569', 131072);
SELECT pg_catalog.lowrite(0, '\x457363616c61646573206175206e61747572656c207072c3a973656e7465206c6573203137207369746573206420657363616c6164652c2034383920766f6965732072c3a9706572746f7269c3a9657320646573204861757465732d507972c3a96ec3a96573206173736f6369c3a97320c3a020756e65207072c3a973656e746174696f6e2064657320657370c3a8636573207370c3a9636966697175657320c3a020636861717565206c69657520656e206661756e6520657420666c6f72652e204c206f626a6563746966206573742064206f757672697220617520706c7573206772616e64206e6f6d627265206c61207072617469717565206465732073697465732e');
SELECT pg_catalog.lo_close(0);

SELECT pg_catalog.lo_open('49570', 131072);
SELECT pg_catalog.lowrite(0, '\x466f6e7461696e65626c6561752c20756e206c69657520756e69717565206175206d6f6e646520706f757220707261746971756572206c27657363616c61646520646520626c6f632e204365747465206e6f7576656c6c6520c3a9646974696f6e2c20636f6d706cc3a974c3a96520657420656e7269636869652c2070726f706f736520646573206361727465732064c3a97461696c6cc3a965732065742064657320696e666f726d6174696f6e732070726174697175657320706f757220766f7573206163636f6d7061676e657220737572206c6573207369746573206427657363616c6164652e');
SELECT pg_catalog.lo_close(0);

SELECT pg_catalog.lo_open('49571', 131072);
SELECT pg_catalog.lowrite(0, '\x556e652073c3a96c656374696f6e2064657320706c757320626561757820626c6f637320646520343220736974657320746f7574206175746f7572206465206c2745737061676e652e20446520416c626172726163696e20c3a020456c20436f67756c202c20647520626c6f6320747261646974696f6e6e656c2061752070737963686f626c6f632e');
SELECT pg_catalog.lo_close(0);

SELECT pg_catalog.lo_open('49572', 131072);
SELECT pg_catalog.lowrite(0, '\x546f706f2064752063c3a96cc3a862726520736974652064652041696c6566726f696465206fc3b92073652064c3a9726f756c652063686171756520616e6ec3a965206c65205441422c207072c3a973656e74c3a920706172206c61207465616d2064657320436f6c6c6574732e');
SELECT pg_catalog.lo_close(0);

SELECT pg_catalog.lo_open('49573', 131072);
SELECT pg_catalog.lowrite(0, '\x5369746520646520626c6f6320657420646520766f6965732073706f72746976652073697475c3a92064616e73206c2748c3a97261756c742e20446570756973204c6f64c3a87665207072656e647265206c6120646972656374696f6e206465205361696e74205072697661742c207075697320636f6e74696e756572206a757371752761752076696c6c616765206465204c65732053616c6365732e2041206c27656e7472c3a9652064752076696c6c616765207072656e64726520c3a020676175636865206c65206368656d696e20696e64697175c3a92022526f63686572206465732046c3a9657322202e20417072c3a873206c652063696d657469c3a8726520617474656e64726520642761766f69722070617373c3a9206c6573206465726e69c3a87265732068616269746174696f6e7320706f7572207365206761726572206c65206c6f6e67206475206368656d696e2e');
SELECT pg_catalog.lo_close(0);

SELECT pg_catalog.lo_open('49574', 131072);
SELECT pg_catalog.lowrite(0, '\x5072656d696572207365637465757220656e206172726976616e742c206c6520726f63686572206465732066c3a965732065737420696e64697175c3a920657420657374206c65207365756c20726f6368657220737572206c657175656c206c27657363616c6164652065737420494e544552444954452e204a75737465206465727269c3a8726520636520726f63686572207365207369747565206c652073656374657572206475206dc3aa6d65206e6f6d2e204c65207365637465757220646520626c6f632c20617373657a20706c61742c206c657320726f636865722061636365737369626c65732e2042656175636f757020646520626c6f632064616e73206c657320636f746174696f6e73203420657420352c2070657520646520686175746575722e');
SELECT pg_catalog.lo_close(0);

SELECT pg_catalog.lo_open('49575', 131072);
SELECT pg_catalog.lowrite(0, '\x5072656e647265206c65206368656d696e206d6f6e74616e742076657273206c6120676175636865206c6f727371756520766f757320c3aa746573206661636520617520726f63686572206465732066c3a965732e204c65207365637465757220736520736974756520656e7669726f6e203130306d206175206465737375732e20432765737420756e207365637465757220646520626c6f6320706c757320646966666963696c65207175652063656c756920647520726f63686572206465732066c3a9657320617665632064657320626c6f6373207472c3a87320686175747320282021617474656e74696f6e21204365727461696e7320626c6f637320666c65757274656e742061766563206c657320386d292e');
SELECT pg_catalog.lo_close(0);

SELECT pg_catalog.lo_open('49576', 131072);
SELECT pg_catalog.lowrite(0, '\x536563746575722073697475c3a920617520646573737573206475207365637465757220224c65204d692d6861757422202c206c6520747261766572736572206574207072656e647265206c652073656e74696572206d6f6e74616e7420737572206c61206761756368652e2049636920766f75732074726f75766572657a207072696e636970616c656d656e74206465732064616c6c65732e204c652064c3a96275742064752073656374657572206573742070617273656dc3a920646520626c6f63732c206d61697320766f75732074726f75766572657a206175737369206465206c6120766f69652073706f727469766520617520666f6e642064752073656374657572206176656320756e652076696e677461696e6520646520766f69657320c3a971756970c3a965732e');
SELECT pg_catalog.lo_close(0);

SELECT pg_catalog.lo_open('49577', 131072);
SELECT pg_catalog.lowrite(0, '\x4c6520366120706f757220656e66616e7420706172206578656c6c656e63652120326d3330207365756c656d656e74');
SELECT pg_catalog.lo_close(0);

SELECT pg_catalog.lo_open('49578', 131072);
SELECT pg_catalog.lowrite(0, '\x556e65206172c3aa746520617665632064657320696e7665727320706c61747320c3a020636f6d70726573736572');
SELECT pg_catalog.lo_close(0);

SELECT pg_catalog.lo_open('49579', 131072);
SELECT pg_catalog.lowrite(0, '\x70726f6a6574');
SELECT pg_catalog.lo_close(0);

SELECT pg_catalog.lo_open('49580', 131072);
SELECT pg_catalog.lowrite(0, '\x47726f732064c3a9766572732073757220756e20726f6368657220657863657074696f6e6e656c20212121');
SELECT pg_catalog.lo_close(0);

SELECT pg_catalog.lo_open('49581', 131072);
SELECT pg_catalog.lowrite(0, '\x4e6520636865726368657a20706173206c6573206d61696e73202e2e2e');
SELECT pg_catalog.lo_close(0);

SELECT pg_catalog.lo_open('49582', 131072);
SELECT pg_catalog.lowrite(0, '\x566f696520c3a9636f6c65');
SELECT pg_catalog.lo_close(0);

SELECT pg_catalog.lo_open('49583', 131072);
SELECT pg_catalog.lowrite(0, '\x446570756973206c652076696c6c616765204261722c20736520646972696765722076657273206c652056696175722e20417072c3a873207175656c7175657320766972616765206c65206368656d696e2076657273206c65207061726b696e672065737420696e64697175c3a92073757220766f7472652064726f6974652e20526f75746520676f7564726f6e6ec3a9652073757220756e65206772616e646520706172746965206d61697320726f756c657a206175207061733a20656e66616e747320c3a02070726f78696d6974c3a92065742063616d70696e672e204475207061726b696e67206c652073656e746965722065737420726f79616c20657420706c61742e204172726976c3a92061752073697465206c65732064696666c3a972656e747320736563746575727320736f6e7420696e64697175c3a97320706172206465732070616e6e656175782e');
SELECT pg_catalog.lo_close(0);

SELECT pg_catalog.lo_open('49584', 131072);
SELECT pg_catalog.lowrite(0, '\x536563746575722071756920706f727465206269656e20736f6e206e6f6d203a20656e206172726976616e7420737572206c65207369746520706172206c65206368656d696e20766f75732061706572636576657a20696d6dc3a964696174656d656e7420756e6520706c616765206465207361626c6520626c6f74696520656e747265206c612072697669c3a87265206574206c612066616c61697365203a206327657374206269656e20696369206c652073656374657572206465206c6120706c6167652e20496369206c657320766f69657320736f6e7420636f7572746573206d616973206c657320636f746174696f6e7320736f6e74206c657320706c757320c3a96c6576c3a96573206475207369746520283762206d6178292e');
SELECT pg_catalog.lo_close(0);

SELECT pg_catalog.lo_open('49585', 131072);
SELECT pg_catalog.lowrite(0, '\x4c276573706163652073697475c3a973206a7573746520c3a02064726f697465206475207365637465757220226c6120706c616765222c2069636920632765737420756e652066616c6169736520c3a9636f6c652c207061726661697420706f75722061707072656e647265203a2064752034206d616a6f726974616972656d656e7420657420656e206469c3a86472652021');
SELECT pg_catalog.lo_close(0);

SELECT pg_catalog.lo_open('49586', 131072);
SELECT pg_catalog.lowrite(0, '\x53656374657572206c6520706c757320c3a0206c276f7565737420636f6d6d6520736f6e206e6f6d206c27696e6469717565203a20706f7572206c6520726570c3a972657220636865726368657a20756e652062656c6c65206661696c6c6520706f757220766f757320656e666f6e6365722064616e73206c6120726f6368652e0d0a49636920766f7573206e652076657272657a2071756520322064c3a9706172747320646520766f6965732c20636520736f6e74206c65732032206772616e64657320766f69657320647520726f6320647520476f72622061766563206c612032c3a86d65206c6f6e677565757220636f6d6d756e652e');
SELECT pg_catalog.lo_close(0);

SELECT pg_catalog.lo_open('49587', 131072);
SELECT pg_catalog.lowrite(0, '\x5472c3a87320636f757274206d616973207472c3a87320747970c3a920626c6f6321');
SELECT pg_catalog.lo_close(0);

SELECT pg_catalog.lo_open('49588', 131072);
SELECT pg_catalog.lowrite(0, '\x4469c3a864726520c3a9636f6c652e20506f696e747320c3a0206c27657874c3a972696575722e');
SELECT pg_catalog.lo_close(0);

SELECT pg_catalog.lo_open('49589', 131072);
SELECT pg_catalog.lowrite(0, '\x5061726661697420706f7572206c657320656e66616e7473');
SELECT pg_catalog.lo_close(0);

SELECT pg_catalog.lo_open('49590', 131072);
SELECT pg_catalog.lowrite(0, '\x42656c6c652064616c6c65207375722072c3a9676c6574746573');
SELECT pg_catalog.lo_close(0);

SELECT pg_catalog.lo_open('49591', 131072);
SELECT pg_catalog.lowrite(0, '\x44c3a97061727420617520666f6e64206465206c61206661696c6c65');
SELECT pg_catalog.lo_close(0);

SELECT pg_catalog.lo_open('49592', 131072);
SELECT pg_catalog.lowrite(0, '\x4465726e69c3a87265206c6f6e677565757220636f6d6d756e652061766563206c65203661');
SELECT pg_catalog.lo_close(0);

COMMIT;

--
-- TOC entry 2830 (class 2606 OID 18841)
-- Name: climber climber_pkey; Type: CONSTRAINT; Schema: public; Owner: admin_escalade
--

ALTER TABLE ONLY public.climber
    ADD CONSTRAINT climber_pkey PRIMARY KEY (email);


--
-- TOC entry 2832 (class 2606 OID 18843)
-- Name: com com_pkey; Type: CONSTRAINT; Schema: public; Owner: admin_escalade
--

ALTER TABLE ONLY public.com
    ADD CONSTRAINT com_pkey PRIMARY KEY (id);


--
-- TOC entry 2834 (class 2606 OID 18845)
-- Name: place place_pkey; Type: CONSTRAINT; Schema: public; Owner: admin_escalade
--

ALTER TABLE ONLY public.place
    ADD CONSTRAINT place_pkey PRIMARY KEY (place_id);


--
-- TOC entry 2836 (class 2606 OID 18847)
-- Name: route route_pkey; Type: CONSTRAINT; Schema: public; Owner: admin_escalade
--

ALTER TABLE ONLY public.route
    ADD CONSTRAINT route_pkey PRIMARY KEY (id);


--
-- TOC entry 2838 (class 2606 OID 18849)
-- Name: sector sector_pkey; Type: CONSTRAINT; Schema: public; Owner: admin_escalade
--

ALTER TABLE ONLY public.sector
    ADD CONSTRAINT sector_pkey PRIMARY KEY (id);


--
-- TOC entry 2840 (class 2606 OID 18851)
-- Name: topo topo_pkey; Type: CONSTRAINT; Schema: public; Owner: admin_escalade
--

ALTER TABLE ONLY public.topo
    ADD CONSTRAINT topo_pkey PRIMARY KEY (id);


--
-- TOC entry 2841 (class 2606 OID 18852)
-- Name: com fk74w6qduhhxlyfcmg617uqb7np; Type: FK CONSTRAINT; Schema: public; Owner: admin_escalade
--

ALTER TABLE ONLY public.com
    ADD CONSTRAINT fk74w6qduhhxlyfcmg617uqb7np FOREIGN KEY (climber_email) REFERENCES public.climber(email);


--
-- TOC entry 2842 (class 2606 OID 18857)
-- Name: com fkah9ns1xjigii7u9me2p3l3uas; Type: FK CONSTRAINT; Schema: public; Owner: admin_escalade
--

ALTER TABLE ONLY public.com
    ADD CONSTRAINT fkah9ns1xjigii7u9me2p3l3uas FOREIGN KEY (place_place_id) REFERENCES public.place(place_id);


--
-- TOC entry 2843 (class 2606 OID 18862)
-- Name: route fkcqd7iydihtx8iv1gi2dg0455y; Type: FK CONSTRAINT; Schema: public; Owner: admin_escalade
--

ALTER TABLE ONLY public.route
    ADD CONSTRAINT fkcqd7iydihtx8iv1gi2dg0455y FOREIGN KEY (sector_id) REFERENCES public.sector(id);


--
-- TOC entry 2844 (class 2606 OID 18867)
-- Name: sector fkhyxgjgwbhma4oe37pbl2r7cjw; Type: FK CONSTRAINT; Schema: public; Owner: admin_escalade
--

ALTER TABLE ONLY public.sector
    ADD CONSTRAINT fkhyxgjgwbhma4oe37pbl2r7cjw FOREIGN KEY (place_place_id) REFERENCES public.place(place_id);


--
-- TOC entry 2845 (class 2606 OID 18872)
-- Name: topo fkmupc8pvli3ssox7d85dmi2uhc; Type: FK CONSTRAINT; Schema: public; Owner: admin_escalade
--

ALTER TABLE ONLY public.topo
    ADD CONSTRAINT fkmupc8pvli3ssox7d85dmi2uhc FOREIGN KEY (climber_email) REFERENCES public.climber(email);


-- Completed on 2020-07-20 16:58:59 CEST

--
-- PostgreSQL database dump complete
--

